{"cameraMode":{"drawMode":0,"name":"Shaded","section":"Shading Mode"},"sceneLighting":false,"audioPlay":false,"sceneViewState":{"m_AlwaysRefresh":false,"showFog":true,"showSkybox":false,"showFlares":true,"showImageEffects":true,"showParticleSystems":true,"showVisualEffectGraphs":true,"m_FxEnabled":true},"in2DMode":false,"pivot":{"x":0.07746510207653046,"y":0.024708816781640054,"z":-0.11314719170331955},"rotation":{"x":-0.20124521851539613,"y":0.6082795262336731,"z":-0.16299331188201905,"w":-0.7505879998207092},"size":1.4422011375427247,"orthographic":false}