{"cameraMode":{"drawMode":0,"name":"Shaded","section":"Shading Mode"},"sceneLighting":false,"audioPlay":false,"sceneViewState":{"m_AlwaysRefresh":false,"showFog":true,"showSkybox":false,"showFlares":true,"showImageEffects":true,"showParticleSystems":true,"showVisualEffectGraphs":true,"m_FxEnabled":true},"in2DMode":false,"pivot":{"x":-2.070164918899536,"y":8.399587631225586,"z":4.313848495483398},"rotation":{"x":0.08716904371976853,"y":0.31757402420043948,"z":0.029335910454392434,"w":-0.9437750577926636},"size":0.4525350034236908,"orthographic":false}