{"cameraMode":{"drawMode":0,"name":"Shaded","section":"Shading Mode"},"sceneLighting":true,"audioPlay":false,"sceneViewState":{"m_AlwaysRefresh":false,"showFog":true,"showSkybox":true,"showFlares":true,"showImageEffects":true,"showParticleSystems":true,"showVisualEffectGraphs":true,"m_FxEnabled":true},"in2DMode":false,"pivot":{"x":-2.8036155700683595,"y":39.28631591796875,"z":18.88657569885254},"rotation":{"x":-0.24866609275341035,"y":-0.7266379594802856,"z":0.32608285546302798,"w":-0.5517503619194031},"size":0.40013325214385989,"orthographic":false}