{"cameraMode":{"drawMode":0,"name":"Shaded","section":"Shading Mode"},"sceneLighting":true,"audioPlay":false,"sceneViewState":{"m_AlwaysRefresh":false,"showFog":true,"showSkybox":true,"showFlares":true,"showImageEffects":true,"showParticleSystems":true,"showVisualEffectGraphs":true,"m_FxEnabled":true},"in2DMode":false,"pivot":{"x":-14.44910717010498,"y":11.13575553894043,"z":-1.8274983167648316},"rotation":{"x":0.11215230077505112,"y":0.7503190636634827,"z":-0.13188831508159638,"w":0.6380292773246765},"size":0.8157047033309937,"orthographic":true}