{"cameraMode":{"drawMode":0,"name":"Shaded","section":"Shading Mode"},"sceneLighting":true,"audioPlay":false,"sceneViewState":{"m_AlwaysRefresh":false,"showFog":true,"showSkybox":true,"showFlares":true,"showImageEffects":true,"showParticleSystems":true,"showVisualEffectGraphs":true,"m_FxEnabled":true},"in2DMode":false,"pivot":{"x":-19.437009811401368,"y":0.4281664490699768,"z":-2.7112762928009035},"rotation":{"x":-0.001001209719106555,"y":0.9908439517021179,"z":-0.007433007471263409,"w":-0.13488994538784028},"size":1.4567022323608399,"orthographic":true}